German,English
das Accessoire,accessory
die AG (Aktiengesellschaft),ltd. (limited company)
die Altenpflege,care of the elderly
die Anfahrt, arrival
der/die Anlagenmechaniker/in,plant mechanic
das Arbeitsamt,job centre
die Arbeitsstätte,workplace
die Automatisierungstechnik,automation technology
die Automobilindustrie,automotive industry
der Automobilzulieferer,automotive supplier
der Bankettsaal,banquet hall
die Baustelle,construction site
die Betreuung,mentoring
der Betrieb,operation
der Bezirk,district
der/die Direktor/in,director
der/die Dolmetscher/in,interpreter
die EC-Karte,ec card
der Einzelhandel,retail
der/die Elektriker/in,electrician
der Elektromarkt,electrical store
der Export,export
die Fachübersetzung,specialist translation
der Fahrdienst,transport service
die Fahrzeugsicherheit,vehicle safety
die Fertigungstechnik,manufacturing technology
der/die Freiberufler/in,freelancer
das Frühstücksbüfett,breakfast buffet
die Garantieleistung,warranty coverage
die Gartenterrasse,garden patio
die Geborgenheit,feeling of security
die Gehminute,minute’s walk
das Großhandelsunternehmen,wholesale company
der Großraum,greater area
der/die Gynäkologe/Gynäkologin,gynaecologist
der/die Händler/in,distributor
das Heim,home
die Heizungsinstallation,heating system
der/die Helfer/in,helper
der/die Hersteller/in,manufacturer
die Homepage,home page
der/die Hotelkaufmann/Hotelkauffrau,hotel manager
der/die Investor/in,investor
die Karriere,career
die Klinik,clinic
die Konferenz,conference
das Konferenzzentrum,conference centre
der/die Kundenberater/in,customer service advisor
der Kundenservice,customer service
die Lebensqualität,quality of life
das Leistungsspektrum,range of services
das Lektorat,proofreading
das Logo,logo
die Marke,brand
der Master,master’s degree
das Menü,menu
die Montage,assembly
die Nachhaltigkeit,sustainability
das Netz,web
der Notfall,emergency
das Notfallzentrum,emergency centre
die Orthopädie,orthopaedics
der/die Personalkaufmann/Personalkauffrau,human resource manager
die Pflege,care
der/die Pfleger/in,carer
die Presse,press
die Produktvielfalt,product diversity
der Rahmen,frame
die Rezeption,reception
das Rohr,pipe
der/die Sachbearbeiter/in,person responsible
die Sanitärfirma,sanitary service company
das Schriftstück,written document
das Seniorenstift,care home for the elderly
die Servicekraft,waiter/waitress
der/die Spezialist/in,specialist
die Suite,suite
die Technik,technology
die Technikerschule,technical school
die Textilfirma,textile company
die Textilien (Pl.), textiles (pl.)
das Tischtennis,table tennis
der/die Übersetzer/in,translator
der Übersetzungsdienst,translation agency
die Übersetzungsleistung,translation service
die Unfallchirurgie,emergency surgery
der Wartungsdienst,maintenance service
abhängen,to hang around
abwarten,to wait for/until
altmodisch,old-fashioned
angemessen,appropriate
annehmen,to accept
die Anredeform,form of address
ansprechen,to address/bring up
die Arbeitsatmosphäre,working atmosphere
das Arbeitsleben,working life
arbeitslos,unemployed
der Arbeitsmarkt,job market
das Argument,argument
die Atmosphäre,atmosphere
der Ausbildungsberuf,skilled occupation
die Ausbildungsform,form of training
die Auseinandersetzung,discussion
aushelfen,to help out
ausladen,to unload
auspacken,to unpack
ausschließen,to exclude
auswählen,to select
die Baufirma,construction company
beitragen,to contribute
beladen,loaded
die Berufschance,career prospect
die Berufsmöglichkeit,career opportunity
die Bildung,education
die Branche,branch
die Buchführung,accounting
das Computerzubehör,computer accessories
dienstältere,senior
die Distanz,distance
dual,dual
durchführen,to carry out
duzen,to use the ‘du’ form
dynamisch,dynamic
einheitlich,standard/uniform
einräumen,to concede/grant
einsortieren,to sort
einzeln,individual
entspannt,relaxed
die Fabrik,fabric
die Finanzabteilung,finance department
die Firmenkultur,company culture
die Firmenphilosophie,company philosophy
gebrauchen,used
die Gehaltsabrechnung,payslip
die Geschäftsleitung,executive committee
gewiss,certain
herumgehen,to go around
die Hierarchie,hierarchy
ideal,ideal
der/die Idiot/in,idiot
das Image,image
die Immobilienbranche,real estate industry
die Immobilienfirma,real estate company
die Informatik,information technology (IT)
der Internetauftritt,online presence
jedenfalls,anyway
der/die Journalist/in,journalist
die Konkurrenz,competition
konservativ,conservative
die Kundenzufriedenheit,customer satisfaction
das Laboratorium,laboratory
der Lautsprecher,loud speaker
leichtfallen,to be easy for sb
der LKW (= Lastkraftwagen),truck
locker,relaxed/loose
die Logistik,logistics
der Lohn,wage
die Lohnabrechnung,payslip
die Marketingabteilung,marketing department
der/die Marktleiter/in,market leader
die Marktstudie,market study
die Medienbranche,media industry
das Mediendesign,media design
der/die Mediendesigner/in,media designer
die Metallindustrie,metal industry
das Möbelhaus,furniture store
die Pharmaindustrie,pharmaceutical industry
plaudern,to chat
der/die Praktikant/in,intern
die Produktion,production
die Regelung,regulation
respektlos,disrespectful
respektvoll,respectful
der Schritt,step
die Sicht,sight
siezen,to use the ‘Sie’ form
signalisieren,to signal
skeptisch,sceptical
der/die Sprecher/in,speaker
die Stellung,position
suggerieren,to suggest
die Tastatur,keyboard
der Tourismus,tourism
der Transport,transport
transportieren,to transport
das Umfeld,environment
umkehren,to turn back
unkompliziert,uncomplicated
unsachlich,unobjective
unsicher,uncertain
die Unternehmenskultur,corporate culture
die Unternehmensstruktur,corporate structure
verhalten,to behave
der Verkauf,sale
das Verkaufstalent,sales talent
die Vertrautheit,familiarity
der/die Vorgesetzte,superior
der Wandel,change
die Webcam,webcam
die Werbestrategie,marketing strategy
wirken,to have an effect
zielen,to target
die Zuständigkeit,responsibility
das Altenwohnheim,old people’s home
die Altersbegrenzung,age limit
ambulant,outpatient
die Angebotserstellung,quote generation
anhören,to listen to
anrichten,to cause
anschließen,to connect
die Arbeitsförderung,employment promotion
der/die Arbeitsvermittler/in,employment agency
assistieren,to assist
aufnehmen,to receive
die Ausbildungsart,type of qualification
der Ausbildungsaufbau,structure of qualification
die Ausbildungsstelle,training institute
die Ausbildungszeit,training period
die Ausschreibung,call for tender
die Bedienung,service
die Behinderung,disability
beispielsweise,for example
berufsbezogen,career-related
das Berufsbild,job outline
die Berufsfachschule,vocational college
berufssprachlich,business language
der Berufstyp,type of occupation
die Beschäftigung,employment
beschließen,to resolve
bestehen,to persist
betreuen,to mentor/oversee
betten,to embed
der/die Bilanzbuchhalter/in,report accountant
der Bildungsabschluss,educational level
die Branchenkenntnis,industry knowledge
die Buchung,booking
die Bundesagentur für Arbeit (BA),Federal Employment Agency
derzeitig,current
diagnostisch,diagnostic
diesbezüglich,in this regard
die Druckschrift,printed medium
der Eingriff,intervention
einleiten,to initiate
erbauen,to construct
erwünscht,desired
die Facharztpraxis,specialist medical practice
die Familientradition,family tradition
die Festanstellung,permanent job
feststellen,to determine
fortan,from now on
die Fortbildungsakademie,training academy
das Fremdenzimmer,guest room
der Frühstücksablauf,breakfast times
die Frühstückspension,bed and breakfast
frühzeitig,premature
fundiert,substantiated
das Gastgewerbe,hospitality industry
gelegentlich,occasionally
der Geschäftsablauf,course of business
das Gesundheitszentrum,health centre
der Gesundheitszustand,state of health
die Grundbildung,basic education
die Grundpflege,basic care
die Handelssprache,commercial language
hauseigen,in-house
die Internetbewerbung,internet job application
das Internetportal,internet portal
jetzig,present-day
die Jobbörse,online job market
die Kompetenz,competency
koordinieren,to coordinate
die Körperpflege,personal hygiene
der Kredit,loan
die Kurzzeitpflege,short-term care
die Maßnahme,measure
das Messehotel,conference hotel
der Mikrokredit,micro loan
nachlesen,to read up on
der/die Näher/in,tailor/seamstress
die Nähmaschine,sewing machine
die Nahrungsaufnahme,food intake
das Onlineportal,online portal
operativ,operational
die Organisationsaufgabe,organisational task
die Pension,guesthouse
der/die Personalchef/in,head of personnel
der/die Pflegebedürftige/r,care-dependent person
der Pflegedienst,care service
das Pflegeheim,care home
die Pflegemaßnahme,care measure
das Porträtfoto,portrait photo
die Primarschule,primary school
reibungslos,without a hitch
die Reinigungskraft,cleaner
das Resort,resort
der Schichtdienst,shift work
die Schneiderei,tailor’s
schulisch,educational
die Sekundarschule,secondary school
selbstständig,independent
sowie,just as
die Sprachförderung,language development
die Sprachkenntnis,language skill
staatlich,state
der Steckbrief,profile
die Stellenausschreibung,job advertisement
der Stellenmarkt,job market
das Stellenportal,online job portal
täglich,daily
therapeutisch,therapeutic
umbenennen,to rename
umsiedeln,to relocate
der Umstand,circumstance
unliniert,unlined
die Veränderung,modification
die Verfolgung,pursuit
vergrößern,to enlarge
verkürzen,to shorten
die Verwaltungsaufgabe,administrative task
voraussetzen,to require
vorwärtskommen,to make progress
wegschicken,to send away
weiterführen,to continue with
der Wellnessbereich,wellness area
der Weltkrieg,world war
wesentlich,significant
das Wohnheim,hostel/hall of residence
das Zimmermädchen,maid
der Zimmerservice,room service
zudem,moreover
abarbeiten,to work through/process
der Ablauf,process
abräumen,to clear up
die Aktion,special offer
alleinerziehend,single (parent)
anpflanzen,to plant
anschließend,subsequent
der/die Arbeitnehmer/in,employee
der Arbeitsablauf,workflow
die Arbeitsbedingung,working condition
das Arbeitspensum,workload
der Arbeitsschritt,work stage
die Aufstiegschance,promotion prospect
der Ausdruck,expression
aussagen,to state
der Außentermin,external appointment
der Beitrag,contribution
das Betreuungsangebot,care offer
der Betreuungsplatz,place in childcare
der Betriebskindergarten,company nursery
das Betriebsklima,working atmosphere
das Bewerbungsgespräch,job interview
bewerten,to evaluate
bezeichnen,to designate
der Blog,blog
der/die Doktorand/in,doctor (phd)
der Druck,pressure
der Eindruck,impression
enorm,enormous
die Erreichbarkeit,contactability
erstellen,to create
der/die Erzieher/in,youth care worker
familienfreundlich,family-friendly
freiberuflich,freelance
die Frühschicht,early shift
der Frühstücksraum,breakfast room
fürchten,to fear
die Ganztagsschule,full-time school
geeignet,suitable
gelaunt,in a (good/bad) mood
der/die Geologe/Geologin,geologist
gering,low
die Gleitzeit,flexible working hours
die Grundlage,basis
heutig,contemporary
der Hut,hat
insbesondere,especially
die Kernzeit,core working hours
die Kinderbetreuung,childcare
die Kleinigkeit,small detail
kriegen,to get
kritisieren,to criticise
das Kuscheltier,stuffed animal
der/die Lagerist/in,warehouseman
langweilen,to be bored
leisten,to provide/achieve
das Lieblingsstofftier,favourite stuffed animal
der Link,link
das Lob,praise
logisch,logical
die Lohnerhöhung,pay increase
die Mandel,almond
die Maschine,machine
mitbestimmen,to participate
monoton,monotonous
die Nachtschicht,night shift
notwendig,necessary
nützlich,useful
die Nutzung,use
ordentlich,tidy
organisatorisch,organisational
parallel,parallel
passend,appropriate
platt,flat
posten,to post
die Priorität,priority
rausschmeißen,to chuck out
die Region,region
registrieren,to register
regulär,regular
die Routine,routine
sachlich,objective
die Schicht,shift
die Schichtarbeit,shift work
schildern,to portray
die Schürze,apron
die Schwierigkeit,difficulty
die Skala,scale
die Sozialleistung,social benefit
die Stimmung,mood
die Tagesmutter,child minder
die Tätigkeit,activity
der Tod,death
überfordert,overwhelmed
überleben,to survive
überwachen,to observe
umsehen,to look around
umsonst,for nothing
unterfordert,not challenged enough
untersuchen,to examine
unüberlegt,rash
unwichtig,unimportant
die Unzufriedenheit,dissatisfaction
die Vereinbarkeit,compatibility
das Verhältnis,relationship
verhandeln,to negotiate
die Verhandlung,negotiation
verschenken,to gift/give away
vertraglich,contractual
vervollständigen,to complete
vorgehen,to approach
die Wechselschicht,alternate shift
weitermachen,to continue
die Zufriedenheit,satisfaction
zunächst,first
der Zwilling,twin
abbauen,to break down
abhalten,to prevent
abmontieren,to dissemble
die Abreise,departure
der Abwasserschacht,manhole (waste water shaft)
der Alaskaseelachs,alaska pollack
anbringen,to affix
die Anreise,arrival
anreisen,to arrive
anschrauben,to screw on
der Arbeitsabschnitt,work section
die Arbeitsanweisung,work instruction
der Arbeitsbereich,work area
die Arbeitsplatzbeschreibung,job description
der Arbeitsprozess,working process
die Artischocke,artichoke
der Arztbesuch,visit to the doctor
die Aufforderung,prompt
auffüllen,to fill up
aufstemmen,to prise open
die Auftragsbestätigung,order confirmation
die Aufzeichnung,recording
auslegen,to interpret
ausleihen,to lend
ausrechnen,to calculate
das Baubüro,site office
der Bauplan,blueprint
der Beifahrersitz,front passenger seat
die Beilage,supplement/side dish
die Bemerkung,remark
die Bequemlichkeit,comfort
betanken,refuelling
der Beton,concrete
der/die Betriebsrat/Betriebsrätin,supervisory board member
bevorzugen,to favour
beziehen,to obtain
der Bohrhammer,drill hammer
die Buchungsbestätigung,booking confirmation
die Buchungsnummer,booking number
checken,to check
der Dachboden,attic
dennoch,however
derartig,of its type
die Dienstleistung,service
dokumentieren,to document
die Dropbox,dropbox
durchgehen,to go through
durchschauen,to look through
der Eingang,inbox
einpflegen,to update
entfernt,(distance) away
das Entrecôte,steak
erkranken,to fall ill
erreichbar,contactable
die Etage,floor (of a building)
extern,external
der Fahrersitz,driver’s seat
die Fahrgemeinschaft,car sharing
festgehalten,held tight
der/die Firmenkunde/Firmenkundin,company client
der Firmentransporter,company transporter/van
die Flugverbindung,connection (flight)
föhnen,to hair dry
freinehmen,to take leave
fußläufig,within walking distance
das Gasrohr,gas pipe
der Gasthof,guest house
gegebenenfalls,as applicable
die Geschäftsreise,business trip
das Gewerbegebiet,industrial estate
die Halterung,bracket
handeln,to trade
die Hauspost,internal mail
der Heizkörper,radiator
der Heizungsanschluss,heating connection
das Heizungsrohr,heating pipe
die Heizungstherme,heater
das Hotelbuchungsportal,hotel booking portal
die Hotelkategorie,hotel category
der Innenhof,inner courtyard
die Inventur,inventory
jeweilig,respective
die Kabeltrommel,cable reel
der Kalbsbraten,roast veal
der Karton,package
die Kiste,box
kleinschrittig,in small steps
die Klimaanlage,air conditioning system
komplex,complex
die Kundenunterlagen,customer records
die Kurpackung,cure package
kurzfristig,short-term
das Lamm,lamb
das Lammcarré,lammcarré
lehnen,to lean
die Leitung,line
die Lieferadresse,delivery address
der Lieferschein,delivery slip
der Lieferwagen,delivery van
das Lüftungsrohr,ventilation pipe
der/die Maurer/in,wall builder
das Meeting,meeting
der Mietautoservice,car rental service
mittellang,mid-length
die Montageanleitung,assembly instruction
montieren,to assemble
die Notwendigkeit,necessity
oftmals,oftentimes
die Onlinesuche,online search
die Organisation,organisation
die Präsentation,presentation
der Probedurchlauf,dry-run
der Probelauf,test run
die Qualitätssicherung,quality assurance
rausfahren,to drive out
raussuchen,to choose
die Reaktion,reaction
die Reinigungsperson,member of cleaning staff
die Reiseroute,itinerary
restlich,remaining/left-over
die Richtlinie,guideline
das Rind,beef
die Rohrdämmung,tubing insulation
runterfahren,to turn off
runterladen,to download
der Schichtwechsel,shift change
der Schlitz,slit
der Schnitt,cut
schrauben,to screw
die Schulung,training
der Seifenspender,soap dispenser
die Sicherungskopie,backup copy
spontan,spontaneous
der Stick,usb stick
das Suchergebnis,search result
das System,system
die Tagessuppe,soup of the day
die Tagung,convention
der Takt,pace
die Therme,spa
das Toilettenpapier,toilet paper
unangenehm,unpleasant
unpassend,unsuitable
die Verbindlichkeit,liability
das Verbindungsstück,connecting piece
verneinen,to deny
verschließen,to seal
der/die Vertreter/in,representative
der/die Vorarbeiter/in,foreman
die Vorgabe,specification
das Vorgehen,approach
vorlegen,to provide
das Waschbecken,sink
der Wäschereiservice,laundry service
das Wasserrohr,water pipe
die Wegbeschreibung,description of the route
wischen,to wipe
das WLAN,wifi
der Zementsack,cement sack
die Zimmerkategorie,room category
zusenden,to submit
die Zwischenzeit,interim period
die Abbildung,illustration
der Aufhänger,trailer (vehicle)
ausführlich,in-depth
der/die Außendienstmitarbeiter/in,field agent
der/die Aussteller/in,exhibitor
das Baddesign,bathroom design
der Bau,construction
bedenken,to consider
begleiten,to accompany
beruhigen,to calm
beschäftigen,to occupy
besorgen,to provide
die Besorgung,provision
der/die Besucher/in,visitor
betragen,to amount to
das Datenblatt,data sheet
derzeit,currently
dreijährig,three-year
durchfahren,to pass through
ebenfalls,likewise
die Eigenschaft,characteristic
die Einkaufsabteilung,purchasing department
die Einzelheit,detail
energieeffizient,energy-efficient
erläutern,to clarify
die Erlebniswelt,theme park
erneuerbar,renewable
erstaunlich,astonishing
erweitern,to expand
die Fachmesse,trade fair
der Flyer,flyer
der Geschäftsbrief,business letter
der/die Gesprächspartner/in,conversational partner
gezielt,targeted
das Give-away,give-away
der/die Großhändler/in,wholesaler
die Handtasche,handbag
hauptsächlich,mainly
der Heimweg,way home
die Heizungsanlage,heating unit
die Höhe,height
die Industrieanlage,industrial plant
die Kappe,cap
die Klimatechnik,air conditioning technology
der Kongress,congress
der/die Konkurrent/in,rival
konkurrenzfähig,competitive
Kontakte knüpfen,to make contacts
das/der Kundencenter,customer service centre
das Kundengespräch,customer meeting
die Leistungsschau,exhibition
die Lieferzeit,delivery time
das Login,log-in
das Maß,extent
die Messe,trade fair
das Messegelände,trade fair grounds
der Messestand,trade fair stand
die Mitte,middle
die Mühe; sich Mühe geben,effort; to make an effort
die Neuheit,novelty
der Nordwesten,northwest
orientieren,to orient
das Partnerland,partner country
platzsparend,space-saving
das Poster,poster
der Posteraufhänger,poster hanger
die Präsenz,presence
premium,premium
der Prospektständer,brochure rack
die Saison,season
die Sanitäranlage,sanitary facility
die Sanitäreinrichtung,sanitary installation
schiefgehen,to go wrong
das Silikon,silicone
der Small Talk,small talk
sodass,so that
die Sommersaison,summer season
das Sortiment,assortment
der Ständer,stand
der Sticker,sticker
das Stoffmuster,fabric pattern
die Übersicht,overview
der Veranstalter/in,event organiser
die Vereinbarung,agreement
das Vergnügen,pleasure
das Verkaufsgespräch,sales pitch
vertreten,to represent
die Visitenkarte,business card
die Wartung,maintenance
der Wartungsvertrag,maintenance contract
weltgrößte,world’s biggest
die Weltleitmesse,world-leading conference
der Werbeslogan,advertising slogan
der/die Wettbewerber/in,competitor
wettbewerbsfähig,competitive
die Zahlungsbedingung,payment conditions
der Zentimeter,centimetre
zentral,central
zusammenfassen,to summarise
das Altgerät,old device
die Anfrage,request
das Angebotsschreiben,offer letter
der Anhang,attachment
anlässlich,on the occasion of
die Ansicht,view
die Anzahl,quantity
der Apothekerschrank,chemist’s cupboard
die Arbeitsplatte,work surface
der Atlantik,atlantic
der Aufpreis,surcharge
die Auftragserteilung,order placement
die Ausgabe,issue
ausschließlich,exclusively
der Ausschnitt,section
das Autohaus,car showroom
bankrott,bankrupt
binnen,within
das Budget,budget
das Cerankochfeld,ceramic hob
die Dunstabzugshaube,extractor hood
der Edelstahl,stainless steel
die Edelstahleinbauspüle,stainless steel in-built sink
die Eilübersetzung,urgent translation
der Eilzuschlag,urgency fee
der Einbauherd,built-in oven
die Einverständniserklärung,declaration of consent
das Elektrogerät,electronic device
die Energieeffizienzklasse,energy efficiency class
erfüllen,to fulfil
der/die Exporteur/in,exporter
der Fachtext,specialist text
der/die Fahrradhändler/in,bicycle dealer
der Fahrzeugbrief,vehicle registration document
das Firmengelände,company property
die Front,front
frühestens,at the earliest
gängig,common
die Garantie,guarantee
gelten,to apply
der Gesamtpreis,total price
der/die Geschäftspartner/in,business partner
die Geschäftszeit,opening times
glänzend,shiny
der Griff,handle
der Hängeeckschrank,hanging corner cabinet
der Hängeschrank,hanging cabinet
der Herdumbauschrank,cupboard enclosing oven
höchstens,at most
das Informationsblatt,information sheet
der Kilometerstand,mileage
der Kindersitz,children’s seat
die Kondition,condition
die Küchenzeile,kitchen unit
die Kundenbewertung,customer rating
die Landesgrenze,country border
der Laufschuh,running shoe
lauten,to sound
die Lieferkosten,delivery costs
die Marmoroptik,marble-look
die Mehrwertsteuer,value added tax
mitteilen,to communicate
die MwSt (Mehrwertsteuer),VAT (value added tax)
netto,net
der Nettopreis,net price
niedrig,low
die Operation,operation
perlmuttfarben,pearly
die Personalversammlung,personal collection
die Plattform,platform
die Preisreduzierung,price reduction
die Produktionskosten,production costs
der Rabatt,discount
die Ratenzahlung,payment in instalments
der Rest,remainder
das Risiko,risk
die Selbstauskunft,self-disclosure
das Set,set
das Skonto,discount
der Sonderwunsch,special request
der Spülenumbauschrank,cupboard enclosing sink
die Tageszeit,time of day
das Transportschiff,transport ship
der Übersetzerdienst,translation service
die Umbauarbeit,renovation work
unfallfrei,without acciden
ungenau,inaccurate
der Unterschrank,lower cabinet
die Verhandlungsbasis,negotiating basis
das Verhandlungsgespräch,negotiation
verschicken,to despatch
verschiffen,to ship
verschmutzt,dirty
die Vorauszahlung,payment in advance
die Vorerkrankung,pre-existing illness
der Wagen,vehicle
wählbar,selectable
das Werk,factory
die Zeile,line
die Zeitdauer,duration
zeitgleich,at the same time
zerkratzt,scratched
die Zuordnung,allocation
zutreffen,to be applicable
abbuchen,to deduct
das Achtel,eighth
die Aktionswoche,promotional week
der Angebotspreis,promotional price
anschaffen,to acquire
anstellen,to employ
die Artikelbezeichnung,article description
aufgeben,to give up
aufstellen,to arrange
der Augenblick,moment
die Außenbeleuchtung,external lighting
die Barzahlung,cash payment
die Baumwolle,cotton
der/die Bestandskunde/Bestandskundin,existing customer
das Bestellformular,order form
betrachten,to regard
die Bezeichnung,description
der Bezug,reference
bislang,until now
der Bücherflohmarkt,book flea market
die Bücherkiste,book box
das Bücherregal,bookshelf
der Bücherschrank,book cupboard
cremeweiß,cream
dahin,there
das Darlehen,loan
das Design,design
das Drittel,third
dunkelblau,dark blue
dunkelgrau,dark gray
eh,huh
einholen,to gather
eintragen,to enter
der Einzelpreis,unit price
die Elternzeit,parental leave
erfragen,to inquire
ergeben,to yield
fällig,due
der Farbakzent,touch of colour
fertigmachen,to make ready
das Festgeld,fixed deposit
frühlingsgrün,spring green
gegenstandslos,devoid of purpose
der Gesamtbetrag,total amount
die Gesamtsumme,sum total
die Grünpflanze,green plant
die Handyzahlung,mobile payment
hellgrau,light gray
hervorragend,excellent
hinstellen,to place
hinterlassen,to leave behind
die Innenbeleuchtung,internal lighting
das Jahresende,end of the year
der Kaffeevollautomat,coffee machine
die Kartenzahlung,card payment
das Kissen,cushion
der Kissenbezug,cushion cover
klären,to clarify
klarkommen,to manage
der Lagerraum,storage room
die Lastschrift,direct debit
die Leseecke,reading corner
das Leuchtmittel,lamp
machbar,do-able
die Mahnung,reminder letter/warning
die Mikrowelle,microwave
das Missverständnis,misunderstanding
mitgestalten,to help shape
der/die Neukunde/Neukundin,new customer
der Onlinebezahldienst,online payment service
die Quote,quote
reißen,to rip
relevant,relevant
renovieren,to renovate
der Servicebereich,service area
das Sicherheitsbedenken,security concerns
sonnengelb,sunshine yellow
das Sparbuch,savings book
die Stückzahl,item no.
der Taschenrechner,pocket calculator
übrig,remaining/leftover
unmodern,out of fashion
verfügbar,available
verfügen,to dispose/provide
der Versandhandel,mail order business
die Vertretung,representation
volljährig,of age
vorkommen,to occur
vorlesen,to read aloud
die Wartezeit,waiting time
wenden an,to turn to
wirtschaften,to economise
der Zahlungseingang,receipt of payment
die Zahlungserinnerung,payment reminder
zurückrufen,to call back
zuvor,before
zweiteilig,in two parts
absehen,to foresee
die Administration,administration
die Akte,file/record
akzeptabel,acceptable
der Anbieter/in,provider
die Anforderung,requirement
die Angelegenheit,matter
das Audit,audit
aufstocken,to increase/augment
die Aufstockung,accumulation of capital
auftreten,to occur
äußern,to express
ausweichen,to avoid
die Auswirkung,effect
die Automobilherstellung,automotive manufacturing
bedauern,to regret
beheben,to remedy
der Beschwerdebrief,letter of complaint
beseitigen,to eliminate
der Beweis,evidence
die Bewertung,rating
die Chance,chance
der Clou,trick/key feature
darlegen,to present
definieren,to define
DIN (Deutsches Institut für Normung),standards committee
durchhalten,to persevere
durchlaufen,to go through
die Einhaltung,compliance
einmalig,one-time
exzellent,excellent
das Flachbild,bas-relief
die Folge,consequence
gekocht,cooked
genormt,standardised
gepresst,pressed
gerecht,fair
geschäftlich,commercial
geschehen,happened
die Gesellschaft,society
der Gott,god
gratis,free
die Güte; Ach du meine Güte!,goodness; oh my goodness! 
gutmachen,to make it up (to sb)
die Höflichkeit,politeness
die Innovation,innovation
das Institut,institute
die Internetseite,internet page
jedoch,however
die Kälte,cold
das Kantinenpersonal,canteen staff
das Konfliktgespräch,conflict discussion
das Konfliktverhalten,conflict behaviour
konsequent,consistent
die Konsequenz,consequence
konstruktiv,constructive
kontinuierlich,continually
das Konzentrat,concentrate
die Kritik,critic
leidig,tiresome
die Lieferschwierigkeit,delivery difficulty
das Management,management
die Methode,method
das Mitglied,member
momentan,at the moment
das Müsli,muesli
nachvollziehen,to understand
der Nachweis,proof
negativ,negative
die Neueinstellung,new appointment
die Norm,norm
die Normung,standardisation
die Normungsorganisation,standards organisation
der/die Obsthändler/in,fruit merchant
die Partei,party
die Patientenakte,patient files
der Personalausgang,staff exit
die Pflegekraft,member of nursing staff
der Prozess,trial/process
das Qualitätsmanagement,quality management
der/die Qualitätsmanager/in,quality manager
der Qualitätsstandard,quality standard
die Qualitätsverbesserung,quality improvement
die Rationalisierung,rationalisation
real,actual
die Rede,speech
das Rührei,scrambled egg
das Saftkonzentrat,juice concentrate
der Schichtplan,shift plan
die Schulungsmaßnahme,training measure
schwach,weak
der Spender,donor
das Spiegelei,fried egg
der Standard,standard
der Start,start
die Stationsschwester,ward nurse
das Streitgespräch,debate
tolerant,tolerant
trotz,despite
der Tunnel,tunnel
überarbeiten,to re-work
überprüfen,to check
die Unannehmlichkeit,inconvenience
ungerecht,unfair
untereinander,among each other
unterziehen,to undergo
unverzüglich,immediate
verallgemeinern,to generalise
veraltet,outdated
die Verbesserung,improvement
versetzen,to transfer
die Verständigung,understanding
verzeihen,to forgive
vollkommen,completely
das Vordach,awning
der Vorfall,incident
die Vorstandssitzung,board meeting
der Vorwurf,accusation
weiterempfehlen,to recommend
werben,to advertise
die Werbung,advertisement
der Witz,joke
die Wurstplatte,cold meat platter
zertifiziert,certified
die Zertifizierung,certification
das Zubehör,supplies
zweifeln,to doubt
zwingen,to force
abfeiern,to celebrate
abstimmen,to vote
abwesend,absent
die Agenda,agenda
die Altersgruppe,age group
die Altersklasse,age bracket
die Ankündigung,announcement
anwesend,present
die Aufstellung,installation
der Ausblick,view
der Auslandsvertrieb,distribution abroad
der Beamer,projector
die Beförderung,promotion
der Besprechungspunkt,point of discussion
die Besprechungsunterlagen,meeting documents
bestimmen,to determine
bewältigen,to overcome
die Bewirtung,hospitality
bündeln,to bundle
der/die Bürgermeister/in,mayor
das Controlling,controlling
das Detail,detail
die Diskussion,discussion
die DOB (Damenoberbekleidung),women's outer garments
effektiv,effective
einplanen,to plan/allow for
die Einteilung,classification
die Entwicklung,development
erheblich,considerable
die Eröffnung,opening
die Errichtung,establishment
die Erwerbsquote,employment rate
erwerbstätig,employed
die Erwerbstätigenquote,employment rate
die Evaluation,evaluation
der Expertenbericht,expert report
fahrbar,mobile
die Festlegung,determination/definition
das Fingerfood,finger food
fortbilden,to do further studies
der/die Friseur/in,hairdresser
die Fußgängerzone,pedestrian zone
das Gebiet,area
die Geschäftschance,business opportunity
die Gewinnspanne,profit margin
global,global
das Großraumbüro,open-plan office
die Gutscheinverlosung,raffle draw
herrichten,to arrange
der Inhalt,content
intensiv,intensive
die Interessengemeinschaft,interest group
die Jahresbilanz,annual balance sheet
die Kapazität,capacity
kausal,causal
die Kollektion,collection
die Kooperation,cooperation
der Kundenrabatt,customer discount
die Leinwand,screen
der Magnet,magnet
der Marker,marker
der Materialschrank,storage cupboard
der Migrationshintergrund,migrant background
der Mikrozensus,micro census
die Mitarbeiterbesprechung,staff meeting
das Mitarbeitermeeting,employee meeting
die Moderationskarte,cue card
der Moderationskoffer,presenter’s toolbox
moderieren,to present/compere
die Nachfrage,request/demand
der Netzwerkanschluss,network connection
die Neueröffnung,reopening
das Notebook,notebook
die Ortsbegehung,site visit
die Pinnwand,notice board
die Planungsphase,planning phase
die Preisentwicklung,price trend
produktiv,productive
die Prognose,prognosis
das Projekt,project
die Projektplanung,project planning
die Projektvorstellung,project presentation
der/die Protokollführer/in,minute keeper
protokollieren,to take minutes
das Quartal,quarter
die Quartalsaufstellung,quarterly financial report
realisieren,to realise (plans/dreams)
die Realisierung,realisation (of plans/dreams)
der Roboter,robot
der Rückblick,retrospect
die Schließung,closing-down
der/die Schreiner/in,carpenter
das Segment,segment
der/die Sekretär/in,secretary
sicherlich,surely
die Sitzung,session
der/die Stadtrat/Stadträtin,city counsellor
steigern,to increase
der Tagesordnungspunkt,item of the agenda
der Tagungsraum,conference room
die Teambesprechung,team meeting
das Teammeeting,team meeting
die Terminabstimmung,arrangement of appointment
die These,thesis
die Überlegung,consideration
der Umsatz,revenue
die Verantwortung,responsibility
verbreiten,to spread
der Vergleich,comparison
der Verkaufsbericht,sales report
verkaufsoffen,open for business
der Verlauf,process
vermeidbar,avoidable
vermerken,to make note of
das Versprechen,promise
das Vertriebsmeeting,sales meeting
der Vertriebsweg,sales channel
das Vorhaben,intention
das Vorjahr,previous year
vorziehen,to prefer
das Weihnachtsgeschäft,Christmas sales
weiterentwickeln,to further develop
das Whiteboard,whiteboard
die Wichtigkeit,importance
widersprechen,to contradict
das Wissen,knowledge
die Zukunftsprognose,forecast
das Zusatzstudium,postgraduate studies
die Abdeckung,coverage
abgelten,to settle (finan.)
der Abschnitt,paragraph
die Abteilungsleitung,head of department
der Akku,battery
aktivieren,to activate
aktualisieren,to update
die Aktualisierung,update
die Anleitung,guidance
die Anordnung,layout
der Anschlusskontakt,connector contact
ansprechbar,responsive
der Anspruch,claim/demand
das Anstoßen,to toast
anzeigen,to show
die Arbeitsfläche,worktop
die Arbeitskleidung,work clothes
der Arbeitsschutzschuh,protective footwear
die Arbeitsunfähigkeit,inability to work
der Arbeitsunfall,accident at work
das Arbeitsverhältnis,working relationship
ätzend,corrosive
aufladen,to (re)charge
auflegen,to hang up (phone)
die Augenschädigung,eye damage
auseinander,apart
austauschen,to exchange
die Bedienungsanleitung,operating instructions
die Beendigung,termination
der Befehl,order
befolgen,to obey (an order)
beinhalten,to contain
bekämpfen,to tackle
beliebig,as desired
benommen,dazed
die Berücksichtigung,consideration (of a fact)
die Berufsbekleidung,workwear
die Berufsgruppe,occupation group
die Bestimmung,provision
betrieblich,operational
die Betriebsvereinbarung,company agreement
beziehungsweise,respectively
bluten,to bleed
die Blutung,bleeding
der Chat,chat
das Cover,cover
der Dampf,steam
der Daumennagel,thumbnail
detailliert,detailed
digital,digital
das Display,display
der E-Book-Reader,ebook reader
einrasten,to lock into place
die Einstellung,settings/attitude
das Element,element
entfernen,to remove
entladen,to discharge (energy)
ermitteln,to detect
erscheinen,to appear
der/die Ersthelfer/in,first aider
die Evakuierung,evacuation
das Feld,field
die Ferien,holidays
die Feuerlöscheinrichtung,fire extinguishing unit
die Feuerwehr,fire brigade
die Flatrate,flat rate
die Flucht,escape (getaway)
der Fluchtweg,escape route
die Flüssigkeit,fluid
das Folgejahr,following year
das Fotoalbum,photo album
der Fotokopierer,photo copier
freihalten,to keep clear
die Freistellung,making available/free
der Freizeitausgleich,time off in lieu
die Funktion,function
die Fußverletzung,foot injury
der Gabelstapler,forklift trucks
gefährlich,dangerous
der Gehörschutz,hearing protection
das Gelände,grounds
gelangen,to succeed
gestatten,to permit
das Gleichgewicht,balance
die Großküche,industrial kitchen
das Großlager,large warehouse
der Handwerksbetrieb,craftsman’s business
das Hauptmenü,main menu
herbeiholen,to fetch
herkömmlich,conventional
hinzufügen,to add
der Jahresurlaub,annual leave
die Kalenderfunktion,calendar function
das Kalenderjahr,calendar year
die Kernarbeitszeit,main working hours
der Kittel,overalls
der Kopfschutz,protective headgear
die Kopfverletzung,head injury
der Krankenwagen,ambulance
das Kriterium,criteria
die Kündigungsfrist,notice period
die Kurzanleitung,brief instruction
das Ladegerät,charger
die Ladenöffnungszeit,store opening hours
der Ladevorgang,loading process
die Last,burden/load
die Latzhose,overalls
der/die Leiter/in,manager
der/die Maler/in,painter
der Mindesturlaub,minimum leave
mitliefern,to supply with
das Mobiltelefon,mobile telephone
die Navigation,navigation
die Navigationsfunktion,navigation function
navigieren,to navigate
der/die Notarzt/Notärztin,emergency doctor
der Notausgang,emergency exit
die Notfallnummer,emergency number
das Notizbuch,notepad
ordnungsgemäß,properly
die Ortungsfunktion,location function
der Overall,overalls
die Pausenregelung,break regulation
die Pausenzeit,break period
der Pfeil,arrow
das Piktogramm,pictogram
die Platzwunde,laceration
das Prinzip,principle
das Probefoto,sample photo
der QR-Code,QR code
der Resturlaub,remaining leave
der Rettungsdienst,rescue service
die Route,route
die Routenberechnung,route calculation
rückseitig,on the reverse
die Rutschgefahr,slip hazard
sanft,gently
der/die Sanitäter/in,paramedic
schulpflichtig,required to attend school
die Schutzausrüstung,safety equipment
der Schutzhelm,safety helmet
schweben,to float
die Sicherheitsbestimmung,safety regulation
die Sicherheitsvorschrift,safety rule
die SIM-Karte,sim card
die Spätschicht,late shift
die Speicherkarte,memory card
spitz,sharp
der Splitter,splinter
der Standort,location
die Stolperfalle,trip hazard
die Stolpergefahr,trip hazard
der Straßenbau,road works
die Sturzgefahr,risk of falling
das Suchfeld,search box
das Suchsymbol,search symbol
das Tablet,tablet
das Telefonat,telephone call
der Touchscreen,touchscreen
der Übergang,transition
die Überstundenregelung,overtime regulation
der Übertragungszeitraum,transfer period
unterteilen,to partition
der Urlaubsanspruch,leave entitlement
der Urlaubsantrag,time off request
der USB-Anschluss,USB port
verbleiben,to remain
verbrennen,to burn
verfallen,to deteriorate
vergüten,to compensate
der/die Verletzte,injured person
die Verletzung,injury
verwalten,to manage
der Vorgang,procedure
wöchentlich,weekly
die Wunde,wound
die Zieladresse,target address
der Zollstock,folding ruler
zoomen,to zoom
zumal,particularly as
die Abgabe,submission
ablaufen,to expire
die Abmahnung,written warning
die Abrechnung,statement
der/die Abteilungsleiter/in,head of department
abziehen,to deduct/withdraw
der/die Abzug,withdrawal (finan.)
anderswo,somewhere else
anhand,by means of
die Anrechnung,charges
anstreben,to strive
antreten,to compete
die Arbeitsleistung,work performance
die Arbeitslosenversicherung,unemployment insurance
arbeitssuchend,job-seeking
arbeitsunfähig,unable to work
die Arbeitsvergütung,remuneration for work carried out
die Arbeitsverhinderung,work disability
der Aspekt,aspect
der Aufbau,development
aufsteigen,to move up (fig.)
auslagern,to outsource
die Ausnahmegenehmigung,special approval
die Auszahlung,payment
automatisch,automatic
die AV (Arbeitslosenversicherung),unemployment insurance
bedürfen,to require
beeinträchtigend,detrimental
befördern,to promote
befristet,temporary
die Begleitung,support
beiderseits,on both sides
die Belegschaft,workforce
bemerken,to notice
der/die Berufskraftfahrer/in,professional driver
berühren,to touch
besetzen,to occupy
die Betriebsstätte,business premises
betriebswirtschaftlich,economic
der Blutdruck,blood pressure
brutto,gross (finan.)
das Bruttogehalt,gross income
die Bruttovergütung,gross compensation
der/die Coach,coach
die Compliance,compliance
dastehen,to stand there
die Durchsetzung,implementation
einbehalten,to withhold
die Eingliederung,inclusion
die Einigung,agreement
einwöchig,one-week
das E-Learning,e-learning
die Elektrotechnik,electro-technology
entgeltlich,for a fee
erarbeiten,to work out
ergreifen,to grip (also fig.)
erlernen,to learn
die Erstattung,payment
die Essensausteilung,food distribution
die Fachrichtung,field/discipline
fähig,able
der Fernkurs,distance learning course
der Fernlehrgang,distance learning
die Flexibilität,flexibility
die Forderung,claim
die Fortzahlung,continued payment
freistellen,to make available/release
die Führungskraft,executive
die Führungsqualität,leadership quality
die Gehaltserhöhung,pay increase
die Genehmigung,approval
genügend,sufficient
geprüft,checked
das Geschäftsgeheimnis,trade secret
die Gleichberechtigung,equal rights
der Großteil,majority
der Hauptsitz,headquarters
heutzutage,nowadays
hinweisen,to point out
die Honorartätigkeit,freelance job
der/die Industriemeister/in,industrial foreman
der/die Installateur/in,installation technician
das Instrument,instrument
die Interessenvertretung,advocacy group
interkulturell,inter-cultural
der Jahresanfang,start of the year
der Kalendermonat,calendar month
der/die Katholik/in,Catholic
die Kirchensteuer,church tax
die Klausel,clause
die Konfession,confession
die Konstruktion,construction
der Konzern,group (business)
der/die Krankenpflegehelfer/in,nursing assistant
die KV (Krankenversicherung),HI (health insurance)
das Lernangebot,learning opportunity
die Lohnart,salary type
die Lohnsteuer,income tax
losschießen,to go ahead
der Minijob,mini job
nachfolgend,subsequent
der/die Nachfolger/in,successor
die Nebenbeschäftigung,secondary employment
die Nebentätigkeit,secondary employment
der Nettobetrag,net amount
das Nettogehalt,net income
der Nettoverdienst,net earnings
nichtselbstständig,not self-employed
das Outsourcing,outsourcing
der Paragraph,paragraph
die Personalleitung,head of personnel
die Pflegeversicherung,nursing insurance
die Probefrist,trial period
der/die Protestant/in,protestant
der Puls,pulse
die PV (Pflegeversicherung),nursing insurance
realistisch,realistic
die Reinigung,cleaning
rentenversichert,covered by pension insurance
die RV (Rentenversicherung),pension insurance
die Schriftform,written form
der Schutz,protection
der/die Schwerbehinderte,severely disabled person
sichergehen,to play safe
der SolZ (Solidaritätszuschlag),solidarity surcharge
die Sozialabgabe,social security contributions
die Sperrzeit,blocking time
die Steuerklasse,tax bracket
steuerlich,fiscal
das Stillschweigen,silence
das Streikverbot,strike ban
die Studiengemeinschaft,study/research association
die SV (Sozialversicherung),social insurance
tätig,active/employed
die Teilzeitanstellung,part-time position
unrealistisch,unrealistic
unwirksam,ineffective
die UV (Unfallversicherung),accident insurance
verbieten,to forbid
verlangen,to extend
die Verringerung,reduction
die Verschwiegenheitspflicht,confidentiality agreement
die Versorgung,care/supply
die Vertragsänderung,contract amendment
vorantreiben,to drive forward
(im) Voraus,(in) advance
das Vorfeld,run-up/preliminary stage
vorrätig,in stock
vorweisen,to show/produce
wachen,to watch
weiterbilden,to educate further
weitererzählen,to pass on (story/news)
der Werkvertrag,service contract
wiederfinden,to recover
die Wirksamkeit,effectiveness
wirtschaftlich,economical
die Zeitarbeit,temporary work
zulässig,reliable
die Zustimmung,consent
abgehen,to leave
allgemeinbildend,of general educational value
die Änderungsschneiderei,tailor’s
ängstlich,anxious
Argen; im Argen liegen,bad; to be in a sorry state
der Berufsabschluss,vocational qualification
die Berufsbildungsreife,vocational education certificate
bescheiden,modest
die Bildungseinrichtung,educational facility
der Bildungsserver,education server
böse; jmdm. böse sein,nasty; be angry with sb
drängen,to urge
durchmogeln,to muddle through
durchsetzen,to carry out
das Erwachsenenalter,adulthood
erwerben,to gain
existieren,to exist
der Fakt,fact
familiär,familial
der Fernunterricht,distance learning
die Hochschule,university/college
die Hochschulreife,higher education entrance qualification
die Hoffnung,hope
der/die Industrieschneider/in,industrial tailor/seamstress
investieren,to invest
das Jugendalter,adolescence
kämpfen,to tackle
mangelnd,insufficient
die Mittlere Reife,school leaving certificate
die Motivation,motivation
nachholen,to resit
örtlich,local
prägen,to shape
qualifiziert,qualified
die Rechtschreibschwäche,spelling disability
schwerfallen,to find something difficult
der Sekundarabschluss,secondary qualification
selbstbewusst,self-confident
stolz,proud
theoretisch,theoretical
die Unterstützung,support
verraten,to betray
verständnisvoll,understanding
weiterbringen,to further
die Weiterentwicklung,further development
wissenschaftlich,scientific
die Zugangsvoraussetzung,entrance requirement
der Afrorap,Afro rap
aneignen,to assimilate
die Aufräumarbeit,clean-up work
die Beanspruchung,claim
beherzigen,to take to heart
die Belastungssituation,load situation
die Belohnung,reward
beteiligen,to participate
der Bewegungsdrang,urge to move
der Burnout,burnout
der Dauerzustand,permanent state
die Delegation,delegation
die Depression,depression
durchgeplant,well-planned
der Einsatz,operation
ereignen,to happen
extrem,extreme
geradewegs,straightaway
gespült,rinsed
gestresst,stressed
gewöhnen,to get used to
die Hausarbeit,homework
heben,to lift
komplett,complete
körperlich,physically
das Lächeln,to smile
das Lot; im Lot sein,plumb; to be in balance
die Mahlzeit,mealtime
die Managerkrankheit,executive burnout
das Menschenleben,human life
die Not,emergency
der/die Notfallsanitäter/in,emergency paramedic
die Notsituation,emergency situation
permanent,permanent
pflegebedürftig,in need of care
das Privatleben,private life
psychisch,psychological
der Rap,rap
die Rettungskraft,rescue team
schätzen,to estimate/appreciate
der/die Schwiegervater/Schwiegermutter,stepfather/stepmother
der Selbstzweifel,self doubt
der Stressfaktor,stress factor
die Stressresistenz,stress resistance
das Syndrom,syndrome
der Tinnitus,tinnitus
umsetzen,to implement
der Unfallort,accident scene
ungeplant,unplanned
unterscheiden,to differ
veranschlagen,to estimate
der Verkehrsunfall,traffic accident
vernachlässigen,to neglect
versterben,to pass away
wegstecken,to put away/hide
das Wochenendseminar,weekend seminar
die Work-Life-Balance,work-life balance
zurückziehen,to withdraw
zutrauen,to dare/feel up to
zweijährig,two-year
die Analyse,analysis
der/die Ansprechpartner/in,contact person
ausstrahlen,to radiate
die Ausstrahlung,radiance
bewundern,to admire
der/die Buchhalter/in,accountant
die Fachkenntnis,expert knowledge
fleißig,hard-working
die Gelassenheit,composure
die Hard Skills,hard skills
methodisch,methodical
das Motivationsschreiben,letter of motivation
die Persönlichkeit,personality
der/die Psychologe/Psychologin,psychologist
die Putzkraft,member of cleaning staff
schüchtern,shy
die Schüchternheit,shyness
die Schwäche,weakness
das Selbstbewusstsein,self-confidence
das Selbstvertrauen,confidence
die Soft Skills,soft skills
souverän,sovereign
die Stärkung,reinforcement
überwinden,to overcome
die Unterrichtseinheit,unit (educ.)
das Volkshochschulprogramm,evening classes programme
zugehen,to approach
aussterben,to go extinct
automatisieren,to automate
autonom,autonomous
belohnen,to reward
das Benzin.petrol
die Berufskrankheit,occupational illness
der/die Bibliothekar/in,librarian
dankbar,thankful/grateful
die Entschlossenheit,determination
das Ermessen,judgement
der/die Fernfahrer/in,long-haul truck driver
finanzieren,to finance
die Förderung,funding
fröhlich,happy
die Hautallergie,skin allergy
der Hochschulabschluss,university degree
jammern,to moan
der/die Lagerarbeiter/in,warehouse worker
der/die Lebensmitteltechniker/in,food technician
der Lebensstandard,standard of living
der Lehrgang,training course
der/die Mechatroniker/in,auto mechanic
die Meisterwerkstatt,professional workshop
mutig,brave
die Naturwissenschaft,natural science
nervig,annoying
nötigen,to bully/force
die Perspektive,perspective
das Reinigungsmittel,cleaning agent
die Reparaturwerkstatt,repair workshop
die Robotik,robotics
das Schmiermittel,lubricating agent
die Selbstbedienungskasse,self-checkout
sensibel,sensitive
solange,as long as
die Spedition,haulage/shipping
die Technologie,technology
umschulen,to retrain
die Umschulungsmaßnahme,retraining measure
vornehmen,to undertake
die Wahrscheinlichkeit,probability
wenigstens,at least
das Zeitalter,time period
die Zukunftsaussicht,future prospect
abbrechen,cancel
absolut,absolute
anlegen,to create
der Atem; einen langen Atem haben,breath; to have staying power
der/die Arzthelfer/in,doctor’s assistant
aufeinander verlassen,to depend on one another
ausgegrenzt,excluded
der/die Außenseiter/in,outsider
ausüben,to exercise
die Autobahn,motorway
das Bauwesen,construction
beirren,to mislead
der Berufsalltag,working day
die Bestnote,highest mark
der/die Exot/in,exotic person
das Fachwissen,expert knowledge
flink,swift
die Frohnatur,cheerful nature
gutgehen,to go well
der Handwerksberuf,craftsman's trade
klassisch,classic
die Kreisstadt,district town
der/die Lebensgefährte/Lebensgefährtin,life partner
lebenslustig,fun-loving
der Machospruch,macho-talk
die Männerdomäne,man’s world
die Mindmap,mind map
pädagogisch,pedagogical
der/die Personaleinsatzleiter/in,head of personnel deployment
pragmatisch,pragmatic
der/die Professor/in,professor
quer,across/landscape
die Seltenheit,rarity
der Sicherheitsdienst,security service
die Sicherheitsfirma,security firm
die Skepsis,scepticism
steuern,to control
trauen,to trust
unterstellen,to assume/imply
unverschuldet,undeserved
das Vertrauen,trust
das Vorurteil,prejudice
wagen,to dare
wochenlang,week-long
der/die Zahnarzthelfer/in,dental assistant
zimperlich,finicky
zumindest,at least
